email,username,gender,birthdate,country
aiden.brown40@protonmail.com,aidenbrown857,Female,1974-09-09,Portugal
aiden.jones77@yahoo.com,aidenjones637,Male,2004-03-10,Kenya
aiden.kowalski16@yahoo.com,aidenkowalski256,Female,2008-05-12,Iraq
aiden.martin91@outlook.com,aidenmartin928,Female,1972-02-09,UAE
aiden.park43@icloud.com,aidenpark969,Female,1997-03-25,Bangladesh
aiden.tanaka24@yahoo.com,aidentanaka869,Male,1993-08-05,Switzerland
aiden.white96@outlook.com,aidenwhite932,Male,2005-02-28,South Africa
ali.hassan60@protonmail.com,alihassan199,Male,1961-07-25,Spain
ali.jackson94@gmail.com,alijackson580,Female,1964-08-16,Colombia
ali.jones52@gmail.com,alijones55,Female,2008-03-07,Russia
ali.lee15@hotmail.com,alilee351,Female,2000-06-01,Sweden
ali.martinez38@yahoo.com,alimartinez403,Male,1980-06-16,Thailand
ali.park89@hotmail.com,alipark432,Male,1974-12-14,Norway
amara.jackson42@icloud.com,amarajackson908,Female,1964-08-08,France
amara.kowalski26@gmail.com,amarakowalski891,Male,1981-08-25,Morocco
amara.lopez98@yahoo.com,amaralopez593,Female,1966-04-12,Germany
amara.nkosi17@icloud.com,amarankosi102,Female,1999-09-07,United Kingdom
ava.anderson19@protonmail.com,avaanderson206,Male,1985-07-24,Vietnam
ava.anderson36@outlook.com,avaanderson497,Female,1987-01-13,Vietnam
ava.brown5@outlook.com,avabrown65,Male,1984-01-26,UAE
ava.taylor37@gmail.com,avataylor23,Male,1964-09-06,Ukraine
ava.taylor86@hotmail.com,avataylor761,Female,1981-08-19,Kenya
carlos.muller30@protonmail.com,carlosmuller813,Female,2001-05-16,Portugal
carlos.wilson74@yahoo.com,carloswilson782,Male,1999-04-28,Nigeria
chloe.ahmed45@outlook.com,chloeahmed639,Male,1964-05-12,India
chloe.petrov45@icloud.com,chloepetrov695,Female,1979-06-22,Bangladesh
diego.diallo82@gmail.com,diegodiallo801,Male,1961-06-18,Poland
diego.lee49@outlook.com,diegolee461,Female,1973-07-12,Japan
diego.williams8@outlook.com,diegowilliams869,Female,1983-05-15,Romania
emma.ali54@gmail.com,emmaali498,Male,1981-12-20,Australia
emma.dubois78@yahoo.com,emmadubois875,Male,1994-07-21,Italy
emma.martinez59@yahoo.com,emmamartinez652,Male,1993-10-19,Romania
emma.taylor39@gmail.com,emmataylor142,Female,1987-10-21,China
ethan.kim7@hotmail.com,ethankim159,Male,1961-11-07,United States
ethan.tanaka98@yahoo.com,ethantanaka812,Female,1967-10-14,United Kingdom
ethan.williams60@icloud.com,ethanwilliams925,Male,1969-01-10,Australia
fatima.chen80@gmail.com,fatimachen707,Male,1996-07-10,Thailand
fatima.moreno57@protonmail.com,fatimamoreno169,Male,1990-04-01,Italy
fatima.nkosi32@protonmail.com,fatimankosi789,Female,1991-01-02,Colombia
fatima.nkosi95@hotmail.com,fatimankosi176,Male,1981-11-06,Sweden
hannah.thompson64@hotmail.com,hannahthompson825,Male,1988-09-20,South Africa
isabella.dubois47@hotmail.com,isabelladubois510,Female,2006-09-17,Japan
isabella.hassan9@protonmail.com,isabellahassan666,Male,1965-09-07,Brazil
isabella.johnson75@protonmail.com,isabellajohnson168,Male,1978-10-06,Iraq
isabella.martinez76@icloud.com,isabellamartinez318,Female,1983-03-18,Germany
ivan.dubois86@gmail.com,ivandubois252,Male,1970-10-22,Pakistan
ivan.nkosi21@icloud.com,ivannkosi738,Female,2001-03-13,Kenya
ivan.taylor80@outlook.com,ivantaylor270,Male,1961-02-13,Kenya
jackson.davis60@hotmail.com,jacksondavis778,Male,1968-06-12,Czech Republic
jackson.muller14@gmail.com,jacksonmuller680,Female,2003-11-28,South Africa
jackson.taylor87@gmail.com,jacksontaylor423,Female,1970-04-22,Austria
jackson.white69@icloud.com,jacksonwhite811,Male,1989-12-25,Portugal
james.martin19@icloud.com,jamesmartin839,Female,1963-11-27,Iraq
jun.ali93@protonmail.com,junali759,Female,2007-12-09,Brazil
jun.lee17@protonmail.com,junlee358,Male,1979-06-21,UAE
jun.moreno8@yahoo.com,junmoreno780,Female,2006-02-21,United States
jun.wilson34@yahoo.com,junwilson184,Male,1972-12-13,Brazil
laura.ali47@yahoo.com,lauraali725,Female,1981-06-15,France
leila.davis31@outlook.com,leiladavis516,Female,1965-08-27,Spain
leila.kim48@icloud.com,leilakim778,Male,2004-04-22,Mexico
leila.tanaka82@hotmail.com,leilatanaka549,Female,1990-03-21,Iraq
liam.rossi65@hotmail.com,liamrossi307,Male,1983-04-17,Australia
logan.ali24@yahoo.com,loganali575,Female,1992-10-02,Thailand
logan.lopez1@outlook.com,loganlopez446,Female,1976-12-22,Brazil
logan.walker67@outlook.com,loganwalker126,Female,1978-07-04,Germany
logan.williams1@gmail.com,loganwilliams901,Female,1970-08-03,Czech Republic
logan.williams65@protonmail.com,loganwilliams752,Female,1962-10-26,Germany
lucas.williams54@hotmail.com,lucaswilliams28,Male,1993-01-21,Poland
mason.patel84@yahoo.com,masonpatel631,Male,1969-08-28,Argentina
mason.singh73@yahoo.com,masonsingh982,Male,1999-08-24,United Kingdom
mason.taylor21@yahoo.com,masontaylor844,Male,2006-09-22,Japan
mateo.brown98@outlook.com,mateobrown654,Female,1967-01-24,Canada
mateo.diallo28@outlook.com,mateodiallo633,Male,1976-04-16,Netherlands
mei.ali9@icloud.com,meiali823,Male,2004-01-05,Japan
mei.park33@outlook.com,meipark118,Male,1963-12-09,Philippines
mia.dubois81@icloud.com,miadubois451,Female,1992-02-07,Ghana
mia.jackson30@gmail.com,miajackson764,Female,1970-01-18,China
mia.thomas17@icloud.com,miathomas775,Male,1963-10-27,Argentina
mia.walker14@protonmail.com,miawalker102,Female,1993-02-27,Sweden
mia.wilson12@gmail.com,miawilson317,Female,1987-06-27,Philippines
mohamed.singh34@protonmail.com,mohamedsingh433,Male,1965-12-11,South Korea
nina.thomas44@yahoo.com,ninathomas802,Male,1986-10-26,Indonesia
oliver.dubois74@protonmail.com,oliverdubois401,Female,1972-12-21,Nigeria
priya.ahmed14@hotmail.com,priyaahmed695,Female,1995-06-11,Argentina
raj.ahmed52@yahoo.com,rajahmed823,Female,1997-05-07,UAE
raj.patel12@protonmail.com,rajpatel471,Male,2006-06-22,Argentina
raj.reyes25@gmail.com,rajreyes244,Male,1991-11-01,Australia
sara.martin51@icloud.com,saramartin143,Female,1988-07-16,Romania
sofia.garcia21@hotmail.com,sofiagarcia966,Male,1995-07-28,Sweden
sofia.okonkwo99@icloud.com,sofiaokonkwo129,Male,1977-01-21,Thailand
sofia.smith28@icloud.com,sofiasmith110,Male,2002-01-26,India
sofia.tanaka97@outlook.com,sofiatanaka37,Female,1973-12-20,Norway
sofia.white98@hotmail.com,sofiawhite820,Female,1971-09-22,Romania
sofia.williams99@protonmail.com,sofiawilliams103,Male,1964-04-02,Saudi Arabia
tariq.taylor1@yahoo.com,tariqtaylor618,Male,1994-11-14,China
tariq.walker98@gmail.com,tariqwalker896,Male,2008-10-13,Thailand
wei.muller27@outlook.com,weimuller985,Male,2007-07-05,Australia
zoe.moreno11@outlook.com,zoemoreno490,Female,1988-11-22,United Kingdom
zoe.reyes37@hotmail.com,zoereyes173,Male,1975-07-02,Czech Republic
zoe.smith85@gmail.com,zoesmith767,Male,2005-03-18,Pakistan
